nconst,tconst,title,name
nm0000375,tt0371746,Iron Man,Robert Downey Jr.
nm0000569,tt0371746,Iron Man,Gwyneth Paltrow
nm0005024,tt0371746,Iron Man,Terrence Howard
nm0000313,tt0371746,Iron Man,Jeff Bridges
nm0004753,tt0371746,Iron Man,Leslie Bibb
nm0869467,tt0371746,Iron Man,Shaun Toub
nm0846687,tt0371746,Iron Man,Faran Tahir
nm0163988,tt0371746,Iron Man,Clark Gregg
nm0810488,tt0371746,Iron Man,Bill Smitrovich
nm0046223,tt0371746,Iron Man,Sayed Badreya
nm0262635,tt0458339,Captain America: The First Avenger,Chris Evans
nm0915989,tt0458339,Captain America: The First Avenger,Hugo Weaving
nm0000168,tt0458339,Captain America: The First Avenger,Samuel L. Jackson
nm2017943,tt0458339,Captain America: The First Avenger,Hayley Atwell
nm1659221,tt0458339,Captain America: The First Avenger,Sebastian Stan
nm0000169,tt0458339,Captain America: The First Avenger,Tommy Lee Jones
nm1002641,tt0458339,Captain America: The First Avenger,Dominic Cooper
nm0035514,tt0458339,Captain America: The First Avenger,Richard Armitage
nm0001804,tt0458339,Captain America: The First Avenger,Stanley Tucci
nm0429363,tt0458339,Captain America: The First Avenger,Toby Jones
nm0748620,tt0478970,Ant-Man,Paul Rudd
nm0000140,tt0478970,Ant-Man,Michael Douglas
nm1015684,tt0478970,Ant-Man,Corey Stoll
nm1431940,tt0478970,Ant-Man,Evangeline Lilly
nm0134072,tt0478970,Ant-Man,Bobby Cannavale
nm1107001,tt0478970,Ant-Man,Anthony Mackie
nm0339460,tt0478970,Ant-Man,Judy Greer
nm5338858,tt0478970,Ant-Man,Abby Ryder Fortson
nm0671567,tt0478970,Ant-Man,Michael Peña
nm2810287,tt0478970,Ant-Man,David Dastmalchian
nm0001570,tt0800080,The Incredible Hulk,Edward Norton
nm0000239,tt0800080,The Incredible Hulk,Liv Tyler
nm0000619,tt0800080,The Incredible Hulk,Tim Roth
nm0000458,tt0800080,The Incredible Hulk,William Hurt
nm0625789,tt0800080,The Incredible Hulk,Tim Blake Nelson
nm0123092,tt0800080,The Incredible Hulk,Ty Burrell
nm0127680,tt0800080,The Incredible Hulk,Christina Cabot
nm0579795,tt0800080,The Incredible Hulk,Peter Mensah
nm0002073,tt0800080,The Incredible Hulk,Lou Ferrigno
nm0813015,tt0800080,The Incredible Hulk,Paul Soles
nm1165110,tt0800369,Thor,Chris Hemsworth
nm0000164,tt0800369,Thor,Anthony Hopkins
nm0000204,tt0800369,Thor,Natalie Portman
nm1089991,tt0800369,Thor,Tom Hiddleston
nm0001745,tt0800369,Thor,Stellan Skarsgård
nm0993507,tt0800369,Thor,Kat Dennings
nm0163988,tt0800369,Thor,Clark Gregg
nm0272173,tt0800369,Thor,Colm Feore
nm0252961,tt0800369,Thor,Idris Elba
nm0829032,tt0800369,Thor,Ray Stevenson
nm0000375,tt0848228,The Avengers,Robert Downey Jr.
nm0262635,tt0848228,The Avengers,Chris Evans
nm0424060,tt0848228,The Avengers,Scarlett Johansson
nm0719637,tt0848228,The Avengers,Jeremy Renner
nm0749263,tt0848228,The Avengers,Mark Ruffalo
nm1165110,tt0848228,The Avengers,Chris Hemsworth
nm1089991,tt0848228,The Avengers,Tom Hiddleston
nm0163988,tt0848228,The Avengers,Clark Gregg
nm1130627,tt0848228,The Avengers,Cobie Smulders
nm0001745,tt0848228,The Avengers,Stellan Skarsgård
nm1165110,tt10648342,Thor: Love and Thunder,Chris Hemsworth
nm0000204,tt10648342,Thor: Love and Thunder,Natalie Portman
nm0000288,tt10648342,Thor: Love and Thunder,Christian Bale
nm1935086,tt10648342,Thor: Love and Thunder,Tessa Thompson
nm0169806,tt10648342,Thor: Love and Thunder,Taika Waititi
nm0000128,tt10648342,Thor: Love and Thunder,Russell Crowe
nm1526352,tt10648342,Thor: Love and Thunder,Jaimie Alexander
nm0252961,tt10648342,Thor: Love and Thunder,Idris Elba
nm0695435,tt10648342,Thor: Love and Thunder,Chris Pratt
nm1176985,tt10648342,Thor: Love and Thunder,Dave Bautista
nm0488953,tt10676048,The Marvels,Brie Larson
nm3500582,tt10676048,The Marvels,Teyonah Parris
nm11940123,tt10676048,The Marvels,Iman Vellani
nm0000168,tt10676048,The Marvels,Samuel L. Jackson
nm1534698,tt10676048,The Marvels,Zawe Ashton
nm0507207,tt10676048,The Marvels,Gary Lewis
nm6124994,tt10676048,The Marvels,Park Seo-joon
nm2801210,tt10676048,The Marvels,Zenobia Shroff
nm1018245,tt10676048,The Marvels,Mohan Kapur
nm5248294,tt10676048,The Marvels,Saagar Shaikh
nm4043618,tt10872600,Spider-Man: No Way Home,Tom Holland
nm3918035,tt10872600,Spider-Man: No Way Home,Zendaya
nm1212722,tt10872600,Spider-Man: No Way Home,Benedict Cumberbatch
nm8188622,tt10872600,Spider-Man: No Way Home,Jacob Batalon
nm0269463,tt10872600,Spider-Man: No Way Home,Jon Favreau
nm0004937,tt10872600,Spider-Man: No Way Home,Jamie Foxx
nm0000353,tt10872600,Spider-Man: No Way Home,Willem Dafoe
nm0000547,tt10872600,Spider-Man: No Way Home,Alfred Molina
nm0938950,tt10872600,Spider-Man: No Way Home,Benedict Wong
nm1727825,tt10872600,Spider-Man: No Way Home,Tony Revolori
nm0748620,tt10954600,Ant-Man and the Wasp: Quantumania,Paul Rudd
nm1431940,tt10954600,Ant-Man and the Wasp: Quantumania,Evangeline Lilly
nm0000140,tt10954600,Ant-Man and the Wasp: Quantumania,Michael Douglas
nm0000201,tt10954600,Ant-Man and the Wasp: Quantumania,Michelle Pfeiffer
nm3718007,tt10954600,Ant-Man and the Wasp: Quantumania,Jonathan Majors
nm1105980,tt10954600,Ant-Man and the Wasp: Quantumania,Kathryn Newton
nm1015684,tt10954600,Ant-Man and the Wasp: Quantumania,Corey Stoll
nm0000195,tt10954600,Ant-Man and the Wasp: Quantumania,Bill Murray
nm6884042,tt10954600,Ant-Man and the Wasp: Quantumania,Katy O'Brian
nm2860379,tt10954600,Ant-Man and the Wasp: Quantumania,William Jackson Harper
nm1212722,tt1211837,Doctor Strange,Benedict Cumberbatch
nm0252230,tt1211837,Doctor Strange,Chiwetel Ejiofor
nm1046097,tt1211837,Doctor Strange,Rachel McAdams
nm0938950,tt1211837,Doctor Strange,Benedict Wong
nm0586568,tt1211837,Doctor Strange,Mads Mikkelsen
nm0842770,tt1211837,Doctor Strange,Tilda Swinton
nm0836121,tt1211837,Doctor Strange,Michael Stuhlbarg
nm0000973,tt1211837,Doctor Strange,Benjamin Bratt
nm0012078,tt1211837,Doctor Strange,Scott Adkins
nm2333360,tt1211837,Doctor Strange,Zara Phythian
nm0000375,tt1228705,Iron Man 2,Robert Downey Jr.
nm0000620,tt1228705,Iron Man 2,Mickey Rourke
nm0000569,tt1228705,Iron Man 2,Gwyneth Paltrow
nm0000332,tt1228705,Iron Man 2,Don Cheadle
nm0424060,tt1228705,Iron Man 2,Scarlett Johansson
nm0005377,tt1228705,Iron Man 2,Sam Rockwell
nm0000168,tt1228705,Iron Man 2,Samuel L. Jackson
nm0163988,tt1228705,Iron Man 2,Clark Gregg
nm0805476,tt1228705,Iron Man 2,John Slattery
nm0788009,tt1228705,Iron Man 2,Garry Shandling
nm1569276,tt1825683,Black Panther,Chadwick Boseman
nm0430107,tt1825683,Black Panther,Michael B. Jordan
nm2143282,tt1825683,Black Panther,Lupita Nyong'o
nm1775091,tt1825683,Black Panther,Danai Gurira
nm0293509,tt1825683,Black Panther,Martin Freeman
nm2257207,tt1825683,Black Panther,Daniel Kaluuya
nm4004793,tt1825683,Black Panther,Letitia Wright
nm6328300,tt1825683,Black Panther,Winston Duke
nm1250791,tt1825683,Black Panther,Sterling K. Brown
nm0000291,tt1825683,Black Panther,Angela Bassett
nm0262635,tt1843866,Captain America: The Winter Soldier,Chris Evans
nm0000168,tt1843866,Captain America: The Winter Soldier,Samuel L. Jackson
nm0424060,tt1843866,Captain America: The Winter Soldier,Scarlett Johansson
nm0000602,tt1843866,Captain America: The Winter Soldier,Robert Redford
nm1659221,tt1843866,Captain America: The Winter Soldier,Sebastian Stan
nm1107001,tt1843866,Captain America: The Winter Soldier,Anthony Mackie
nm1130627,tt1843866,Captain America: The Winter Soldier,Cobie Smulders
nm0342029,tt1843866,Captain America: The Winter Soldier,Frank Grillo
nm0380073,tt1843866,Captain America: The Winter Soldier,Maximiliano Hernández
nm0885840,tt1843866,Captain America: The Winter Soldier,Emily VanCamp
nm1165110,tt1981115,Thor: The Dark World,Chris Hemsworth
nm0000204,tt1981115,Thor: The Dark World,Natalie Portman
nm1089991,tt1981115,Thor: The Dark World,Tom Hiddleston
nm0001745,tt1981115,Thor: The Dark World,Stellan Skarsgård
nm0000164,tt1981115,Thor: The Dark World,Anthony Hopkins
nm0001172,tt1981115,Thor: The Dark World,Christopher Eccleston
nm1526352,tt1981115,Thor: The Dark World,Jaimie Alexander
nm1157048,tt1981115,Thor: The Dark World,Zachary Levi
nm0829032,tt1981115,Thor: The Dark World,Ray Stevenson
nm0038355,tt1981115,Thor: The Dark World,Tadanobu Asano
nm0695435,tt2015381,Guardians of the Galaxy,Chris Pratt
nm0004874,tt2015381,Guardians of the Galaxy,Vin Diesel
nm0177896,tt2015381,Guardians of the Galaxy,Bradley Cooper
nm0757855,tt2015381,Guardians of the Galaxy,Zoe Saldana
nm1176985,tt2015381,Guardians of the Galaxy,Dave Bautista
nm1195855,tt2015381,Guardians of the Galaxy,Lee Pace
nm0740264,tt2015381,Guardians of the Galaxy,Michael Rooker
nm2394794,tt2015381,Guardians of the Galaxy,Karen Gillan
nm0005023,tt2015381,Guardians of the Galaxy,Djimon Hounsou
nm0000604,tt2015381,Guardians of the Galaxy,John C. Reilly
nm4043618,tt2250912,Spider-Man: Homecoming,Tom Holland
nm0000474,tt2250912,Spider-Man: Homecoming,Michael Keaton
nm0000375,tt2250912,Spider-Man: Homecoming,Robert Downey Jr.
nm0000673,tt2250912,Spider-Man: Homecoming,Marisa Tomei
nm0269463,tt2250912,Spider-Man: Homecoming,Jon Favreau
nm0000569,tt2250912,Spider-Man: Homecoming,Gwyneth Paltrow
nm3918035,tt2250912,Spider-Man: Homecoming,Zendaya
nm2255973,tt2250912,Spider-Man: Homecoming,Donald Glover
nm8188622,tt2250912,Spider-Man: Homecoming,Jacob Batalon
nm5637553,tt2250912,Spider-Man: Homecoming,Laura Harrier
nm0000375,tt2395427,Avengers: Age of Ultron,Robert Downey Jr.
nm0262635,tt2395427,Avengers: Age of Ultron,Chris Evans
nm0749263,tt2395427,Avengers: Age of Ultron,Mark Ruffalo
nm1165110,tt2395427,Avengers: Age of Ultron,Chris Hemsworth
nm0424060,tt2395427,Avengers: Age of Ultron,Scarlett Johansson
nm0719637,tt2395427,Avengers: Age of Ultron,Jeremy Renner
nm0000652,tt2395427,Avengers: Age of Ultron,James Spader
nm0000168,tt2395427,Avengers: Age of Ultron,Samuel L. Jackson
nm0000332,tt2395427,Avengers: Age of Ultron,Don Cheadle
nm1093951,tt2395427,Avengers: Age of Ultron,Aaron Taylor-Johnson
nm0424060,tt3480822,Black Widow,Scarlett Johansson
nm6073955,tt3480822,Black Widow,Florence Pugh
nm1092086,tt3480822,Black Widow,David Harbour
nm0001838,tt3480822,Black Widow,Rachel Weisz
nm0935653,tt3480822,Black Widow,Ray Winstone
nm8349839,tt3480822,Black Widow,Ever Anderson
nm8627157,tt3480822,Black Widow,Violet McGraw
nm1282966,tt3480822,Black Widow,O-T Fagbenle
nm0000458,tt3480822,Black Widow,William Hurt
nm1385871,tt3480822,Black Widow,Olga Kurylenko
nm0262635,tt3498820,Captain America: Civil War,Chris Evans
nm0000375,tt3498820,Captain America: Civil War,Robert Downey Jr.
nm0424060,tt3498820,Captain America: Civil War,Scarlett Johansson
nm1659221,tt3498820,Captain America: Civil War,Sebastian Stan
nm1107001,tt3498820,Captain America: Civil War,Anthony Mackie
nm0000332,tt3498820,Captain America: Civil War,Don Cheadle
nm0719637,tt3498820,Captain America: Civil War,Jeremy Renner
nm1569276,tt3498820,Captain America: Civil War,Chadwick Boseman
nm0079273,tt3498820,Captain America: Civil War,Paul Bettany
nm0647634,tt3498820,Captain America: Civil War,Elizabeth Olsen
nm1165110,tt3501632,Thor: Ragnarok,Chris Hemsworth
nm1089991,tt3501632,Thor: Ragnarok,Tom Hiddleston
nm0000949,tt3501632,Thor: Ragnarok,Cate Blanchett
nm0749263,tt3501632,Thor: Ragnarok,Mark Ruffalo
nm0252961,tt3501632,Thor: Ragnarok,Idris Elba
nm0000156,tt3501632,Thor: Ragnarok,Jeff Goldblum
nm1935086,tt3501632,Thor: Ragnarok,Tessa Thompson
nm0881631,tt3501632,Thor: Ragnarok,Karl Urban
nm0000164,tt3501632,Thor: Ragnarok,Anthony Hopkins
nm1212722,tt3501632,Thor: Ragnarok,Benedict Cumberbatch
nm0695435,tt3896198,Guardians of the Galaxy Vol. 2,Chris Pratt
nm0757855,tt3896198,Guardians of the Galaxy Vol. 2,Zoe Saldana
nm1176985,tt3896198,Guardians of the Galaxy Vol. 2,Dave Bautista
nm0004874,tt3896198,Guardians of the Galaxy Vol. 2,Vin Diesel
nm0177896,tt3896198,Guardians of the Galaxy Vol. 2,Bradley Cooper
nm0740264,tt3896198,Guardians of the Galaxy Vol. 2,Michael Rooker
nm2394794,tt3896198,Guardians of the Galaxy Vol. 2,Karen Gillan
nm2962353,tt3896198,Guardians of the Galaxy Vol. 2,Pom Klementieff
nm0000230,tt3896198,Guardians of the Galaxy Vol. 2,Sylvester Stallone
nm0000621,tt3896198,Guardians of the Galaxy Vol. 2,Kurt Russell
nm0488953,tt4154664,Captain Marvel,Brie Larson
nm0000168,tt4154664,Captain Marvel,Samuel L. Jackson
nm0578853,tt4154664,Captain Marvel,Ben Mendelsohn
nm0000179,tt4154664,Captain Marvel,Jude Law
nm0000906,tt4154664,Captain Marvel,Annette Bening
nm0005023,tt4154664,Captain Marvel,Djimon Hounsou
nm1195855,tt4154664,Captain Marvel,Lee Pace
nm2736476,tt4154664,Captain Marvel,Lashana Lynch
nm2110418,tt4154664,Captain Marvel,Gemma Chan
nm0163988,tt4154664,Captain Marvel,Clark Gregg
nm0000375,tt4154756,Avengers: Infinity War,Robert Downey Jr.
nm1165110,tt4154756,Avengers: Infinity War,Chris Hemsworth
nm0749263,tt4154756,Avengers: Infinity War,Mark Ruffalo
nm0262635,tt4154756,Avengers: Infinity War,Chris Evans
nm0424060,tt4154756,Avengers: Infinity War,Scarlett Johansson
nm0000332,tt4154756,Avengers: Infinity War,Don Cheadle
nm1212722,tt4154756,Avengers: Infinity War,Benedict Cumberbatch
nm4043618,tt4154756,Avengers: Infinity War,Tom Holland
nm1569276,tt4154756,Avengers: Infinity War,Chadwick Boseman
nm0757855,tt4154756,Avengers: Infinity War,Zoe Saldana
nm0000375,tt4154796,Avengers: Endgame,Robert Downey Jr.
nm0262635,tt4154796,Avengers: Endgame,Chris Evans
nm0749263,tt4154796,Avengers: Endgame,Mark Ruffalo
nm1165110,tt4154796,Avengers: Endgame,Chris Hemsworth
nm0424060,tt4154796,Avengers: Endgame,Scarlett Johansson
nm0719637,tt4154796,Avengers: Endgame,Jeremy Renner
nm0000332,tt4154796,Avengers: Endgame,Don Cheadle
nm0748620,tt4154796,Avengers: Endgame,Paul Rudd
nm1212722,tt4154796,Avengers: Endgame,Benedict Cumberbatch
nm1569276,tt4154796,Avengers: Endgame,Chadwick Boseman
nm0748620,tt5095030,Ant-Man and the Wasp,Paul Rudd
nm1431940,tt5095030,Ant-Man and the Wasp,Evangeline Lilly
nm0671567,tt5095030,Ant-Man and the Wasp,Michael Peña
nm0324658,tt5095030,Ant-Man and the Wasp,Walton Goggins
nm0134072,tt5095030,Ant-Man and the Wasp,Bobby Cannavale
nm0339460,tt5095030,Ant-Man and the Wasp,Judy Greer
nm1939267,tt5095030,Ant-Man and the Wasp,Tip 'T.I.' Harris
nm2810287,tt5095030,Ant-Man and the Wasp,David Dastmalchian
nm4789912,tt5095030,Ant-Man and the Wasp,Hannah John-Kamen
nm5338858,tt5095030,Ant-Man and the Wasp,Abby Ryder Fortson
nm0005351,tt6263850,Deadpool & Wolverine,Ryan Reynolds
nm0413168,tt6263850,Deadpool & Wolverine,Hugh Jackman
nm10128408,tt6263850,Deadpool & Wolverine,Emma Corrin
nm0532193,tt6263850,Deadpool & Wolverine,Matthew Macfadyen
nm6748436,tt6263850,Deadpool & Wolverine,Dafne Keen
nm0269463,tt6263850,Deadpool & Wolverine,Jon Favreau
nm1072555,tt6263850,Deadpool & Wolverine,Morena Baccarin
nm3008739,tt6263850,Deadpool & Wolverine,Rob Delaney
nm0880081,tt6263850,Deadpool & Wolverine,Leslie Uggams
nm0004950,tt6263850,Deadpool & Wolverine,Jennifer Garner
nm4043618,tt6320628,Spider-Man: Far from Home,Tom Holland
nm0000168,tt6320628,Spider-Man: Far from Home,Samuel L. Jackson
nm0350453,tt6320628,Spider-Man: Far from Home,Jake Gyllenhaal
nm0000673,tt6320628,Spider-Man: Far from Home,Marisa Tomei
nm0269463,tt6320628,Spider-Man: Far from Home,Jon Favreau
nm3918035,tt6320628,Spider-Man: Far from Home,Zendaya
nm8188622,tt6320628,Spider-Man: Far from Home,Jacob Batalon
nm1727825,tt6320628,Spider-Man: Far from Home,Tony Revolori
nm3886028,tt6320628,Spider-Man: Far from Home,Angourie Rice
nm3600780,tt6320628,Spider-Man: Far from Home,Remy Hii
nm0695435,tt6791350,Guardians of the Galaxy Vol. 3,Chris Pratt
nm1030244,tt6791350,Guardians of the Galaxy Vol. 3,Chukwudi Iwuji
nm0177896,tt6791350,Guardians of the Galaxy Vol. 3,Bradley Cooper
nm2962353,tt6791350,Guardians of the Galaxy Vol. 3,Pom Klementieff
nm1176985,tt6791350,Guardians of the Galaxy Vol. 3,Dave Bautista
nm2394794,tt6791350,Guardians of the Galaxy Vol. 3,Karen Gillan
nm0004874,tt6791350,Guardians of the Galaxy Vol. 3,Vin Diesel
nm5837211,tt6791350,Guardians of the Galaxy Vol. 3,Austin Freeman
nm0002888,tt6791350,Guardians of the Galaxy Vol. 3,Stephen Blackehart
nm0741893,tt6791350,Guardians of the Galaxy Vol. 3,Terence Rosemore
nm2110418,tt9032400,Eternals,Gemma Chan
nm0534635,tt9032400,Eternals,Richard Madden
nm0001401,tt9032400,Eternals,Angelina Jolie
nm0000161,tt9032400,Eternals,Salma Hayek
nm3229685,tt9032400,Eternals,Kit Harington
nm3529685,tt9032400,Eternals,Kumail Nanjiani
nm7186321,tt9032400,Eternals,Lia McHugh
nm3109964,tt9032400,Eternals,Brian Tyree Henry
nm4248765,tt9032400,Eternals,Lauren Ridloff
nm4422686,tt9032400,Eternals,Barry Keoghan
nm4004793,tt9114286,Black Panther: Wakanda Forever,Letitia Wright
nm2143282,tt9114286,Black Panther: Wakanda Forever,Lupita Nyong'o
nm1775091,tt9114286,Black Panther: Wakanda Forever,Danai Gurira
nm6328300,tt9114286,Black Panther: Wakanda Forever,Winston Duke
nm0000291,tt9114286,Black Panther: Wakanda Forever,Angela Bassett
nm2204178,tt9114286,Black Panther: Wakanda Forever,Tenoch Huerta
nm0293509,tt9114286,Black Panther: Wakanda Forever,Martin Freeman
nm0000506,tt9114286,Black Panther: Wakanda Forever,Julia Louis-Dreyfus
nm9584861,tt9114286,Black Panther: Wakanda Forever,Dominique Thorne
nm0441042,tt9114286,Black Panther: Wakanda Forever,Florence Kasumba
nm1212722,tt9419884,Doctor Strange in the Multiverse of Madness,Benedict Cumberbatch
nm0647634,tt9419884,Doctor Strange in the Multiverse of Madness,Elizabeth Olsen
nm0252230,tt9419884,Doctor Strange in the Multiverse of Madness,Chiwetel Ejiofor
nm0938950,tt9419884,Doctor Strange in the Multiverse of Madness,Benedict Wong
nm7961780,tt9419884,Doctor Strange in the Multiverse of Madness,Xochitl Gomez
nm1046097,tt9419884,Doctor Strange in the Multiverse of Madness,Rachel McAdams
nm4810527,tt9419884,Doctor Strange in the Multiverse of Madness,Jett Klyne
nm6623135,tt9419884,Doctor Strange in the Multiverse of Madness,Julian Hilliard
nm0836121,tt9419884,Doctor Strange in the Multiverse of Madness,Michael Stuhlbarg
nm2017943,tt9419884,Doctor Strange in the Multiverse of Madness,Hayley Atwell
